{"v":"4.10.1","fr":48,"ip":0,"op":48,"w":80,"h":80,"nm":"引导 对勾 2","ddd":0,"assets":[],"layers":[{"ddd":0,"ind":1,"ty":4,"nm":"对勾","sr":1,"ks":{"o":{"a":0,"k":100,"ix":11},"r":{"a":0,"k":0,"ix":10},"p":{"a":0,"k":[38.875,36.5,0],"ix":2},"a":{"a":0,"k":[0,0,0],"ix":1},"s":{"a":0,"k":[100,100,100],"ix":6}},"ao":0,"shapes":[{"ty":"gr","it":[{"ind":0,"ty":"sh","ix":1,"ks":{"a":0,"k":{"i":[[0,0],[0,0],[0,0]],"o":[[0,0],[0,0],[0,0]],"v":[[-25.236,-8.222],[-1.702,13.989],[20.459,-8.403]],"c":false},"ix":2},"nm":"路径 1","mn":"ADBE Vector Shape - Group","hd":false},{"ty":"tm","s":{"a":1,"k":[{"i":{"x":[0.735],"y":[1]},"o":{"x":[0.254],"y":[0.884]},"n":["0p735_1_0p254_0p884"],"t":24,"s":[2],"e":[95]},{"t":36}],"ix":1},"e":{"a":1,"k":[{"i":{"x":[0.46],"y":[0.944]},"o":{"x":[0.66],"y":[0.047]},"n":["0p46_0p944_0p66_0p047"],"t":24,"s":[0],"e":[25]},{"t":36}],"ix":2},"o":{"a":1,"k":[{"i":{"x":[0.833],"y":[0.833]},"o":{"x":[0.167],"y":[0.167]},"n":["0p833_0p833_0p167_0p167"],"t":24,"s":[0],"e":[16]},{"i":{"x":[0.833],"y":[0.833]},"o":{"x":[0.167],"y":[0.167]},"n":["0p833_0p833_0p167_0p167"],"t":36,"s":[16],"e":[0]},{"t":38}],"ix":3},"m":1,"ix":2,"nm":"修剪路径 1","mn":"ADBE Vector Filter - Trim","hd":false},{"ty":"st","c":{"a":0,"k":[1,1,1,1],"ix":3},"o":{"a":0,"k":100,"ix":4},"w":{"a":0,"k":3,"ix":5},"lc":1,"lj":1,"ml":4,"nm":"描边 1","mn":"ADBE Vector Graphic - Stroke","hd":false},{"ty":"tr","p":{"a":0,"k":[0,0],"ix":2},"a":{"a":0,"k":[0,0],"ix":1},"s":{"a":0,"k":[100,100],"ix":3},"r":{"a":0,"k":0,"ix":6},"o":{"a":0,"k":100,"ix":7},"sk":{"a":0,"k":0,"ix":4},"sa":{"a":0,"k":0,"ix":5},"nm":"变换"}],"nm":"形状 1","np":4,"cix":2,"ix":1,"mn":"ADBE Vector Group","hd":false}],"ip":24,"op":480,"st":0,"bm":0},{"ddd":0,"ind":2,"ty":4,"nm":"外圈","sr":1,"ks":{"o":{"a":0,"k":100,"ix":11},"r":{"a":1,"k":[{"i":{"x":[0.425],"y":[0.998]},"o":{"x":[0.525],"y":[0.035]},"n":["0p425_0p998_0p525_0p035"],"t":0,"s":[80],"e":[22]},{"t":24}],"ix":10},"p":{"a":0,"k":[40.5,40,0],"ix":2},"a":{"a":0,"k":[1.201,3.701,0],"ix":1},"s":{"a":0,"k":[106.434,106.434,100],"ix":6}},"ao":0,"shapes":[{"ty":"gr","it":[{"ind":0,"ty":"sh","ix":1,"ks":{"a":0,"k":{"i":[[-15.023,0],[0,-15.023],[15.023,0],[0,15.023]],"o":[[15.023,0],[0,15.023],[-15.023,0],[0,-15.023]],"v":[[0,-27.201],[27.201,0],[0,27.201],[-27.201,0]],"c":true},"ix":2},"nm":"路径 1","mn":"ADBE Vector Shape - Group","hd":false},{"ty":"tm","s":{"a":1,"k":[{"i":{"x":[0.482],"y":[0.997]},"o":{"x":[0.878],"y":[0]},"n":["0p482_0p997_0p878_0"],"t":0,"s":[100],"e":[0]},{"t":24}],"ix":1},"e":{"a":0,"k":100,"ix":2},"o":{"a":0,"k":0,"ix":3},"m":1,"ix":2,"nm":"修剪路径 1","mn":"ADBE Vector Filter - Trim","hd":false},{"ty":"st","c":{"a":0,"k":[1,1,1,1],"ix":3},"o":{"a":0,"k":100,"ix":4},"w":{"a":0,"k":3,"ix":5},"lc":2,"lj":1,"ml":4,"nm":"描边 1","mn":"ADBE Vector Graphic - Stroke","hd":false},{"ty":"tr","p":{"a":0,"k":[1.518,3.736],"ix":2},"a":{"a":0,"k":[0,0],"ix":1},"s":{"a":0,"k":[100,100],"ix":3},"r":{"a":0,"k":-90,"ix":6},"o":{"a":0,"k":100,"ix":7},"sk":{"a":0,"k":0,"ix":4},"sa":{"a":0,"k":0,"ix":5},"nm":"变换"}],"nm":"椭圆 1","np":4,"cix":2,"ix":1,"mn":"ADBE Vector Group","hd":false}],"ip":0,"op":480,"st":0,"bm":0}]}